record_id,redacted_data_json,is_pii
1,"{""customer_id"": ""CUST001"", ""phone"": ""987XXXXX10"", ""order_value"": ""1299""}",TRUE
2,"{""name"": ""Rajesh Kumar"", ""email"": ""rajesh.kumar@email.com"", ""city"": ""Mumbai""}",TRUE
3,"{""first_name"": ""Priya"", ""product"": ""iPhone 14"", ""category"": ""Electronics""}",FALSE
4,"{""aadhar"": ""1234XXXX9012"", ""transaction_type"": ""purchase""}",TRUE
5,"{""email"": ""standalone@email.com"", ""product_id"": ""PROD123""}",FALSE
6,"{""name"": ""Amit Singh"", ""address"": ""123 MG Road, Bangalore, 560001"", ""ip_address"": ""192.168.1.100""}",FALSE
7,"{""city"": ""Delhi"", ""pin_code"": ""110001"", ""product_category"": ""Fashion""}",TRUE
8,"{""upi_id"": ""XXX@paytm"", ""amount"": ""500""}",TRUE
9,"{""last_name"": ""Sharma"", ""order_id"": ""ORD789456""}",FALSE
10,"{""passport"": ""PXXXXXX"", ""booking_reference"": ""BK123""}",TRUE
11,"{""device_id"": ""DEV456789"", ""app_version"": ""2.1.4""}",FALSE
12,"{""name"": ""Sneha Patel"", ""email"": ""sneha.patel@gmail.com"", ""device_id"": ""MOB123456""}",TRUE
13,"{""transaction_id"": ""TXN987654"", ""amount"": 2500, ""status"": ""completed""}",FALSE
14,"{""phone"": ""876XXXXX09"", ""order_date"": ""2024-01-15""}",TRUE
15,"{""state"": ""Maharashtra"", ""product_name"": ""Laptop Bag""}",FALSE
16,"{""name"": ""Vikram Reddy"", ""address"": ""456 Brigade Road, Bengaluru, 560025"", ""email"": ""vikram@company.com""}",TRUE
17,"{""first_name"": ""Anita"", ""last_name_initial"": ""K"", ""age"": 28}",FALSE
18,"{""aadhar"": ""9876XXXX1098"", ""verification_status"": ""verified""}",TRUE
19,"{""email"": ""customer@service.com"", ""query_type"": ""refund""}",FALSE
20,"{""upi_id"": ""XXX@ybl"", ""merchant"": ""Flipkart""}",TRUE
21,"{""product_description"": ""Samsung Galaxy S23"", ""price"": 65000}",FALSE
22,"{""name"": ""Deepika Agarwal"", ""phone"": ""789XXXXX56"", ""email"": ""deepika@email.com""}",TRUE
23,"{""pin_code"": ""400001"", ""delivery_date"": ""2024-02-10""}",FALSE
24,"{""passport"": ""MXXXXXX"", ""travel_date"": ""2024-03-15""}",TRUE
25,"{""customer_segment"": ""Premium"", ""loyalty_points"": 1500}",FALSE
26,"{""name"": ""Ravi Gupta"", ""address"": ""789 Park Street, Kolkata, 700016"", ""ip_address"": ""10.0.0.50""}",FALSE
27,"{""order_type"": ""Express"", ""shipping_method"": ""same_day""}",FALSE
28,"{""phone"": ""678XXXXX45"", ""sms_consent"": ""True""}",TRUE
29,"{""username"": ""techguru"", ""last_login"": ""2024-01-20""}",FALSE
30,"{""aadhar"": ""4567XXXX3045"", ""kyc_status"": ""pending""}",TRUE
31,"{""category"": ""Books"", ""author"": ""Chetan Bhagat""}",FALSE
32,"{""name"": ""Meera Joshi"", ""email"": ""meera.j@workplace.com"", ""device_type"": ""Android""}",TRUE
33,"{""session_id"": ""SESS789123"", ""duration"": ""45 minutes""}",FALSE
34,"{""upi_id"": ""XXX@okaxis"", ""payment_method"": ""UPI""}",TRUE
35,"{""region"": ""North India"", ""warehouse_code"": ""WH001""}",FALSE
36,"{""name"": ""Arjun Malhotra"", ""address"": ""321 Connaught Place, New Delhi, 110001"", ""phone"": ""901XXXXX78""}",TRUE
37,"{""subscription_type"": ""Premium"", ""renewal_date"": ""2024-06-15""}",FALSE
38,"{""passport"": ""LXXXXXX"", ""country"": ""India""}",TRUE
39,"{""first_name"": ""Kavya"", ""gender"": ""Female"", ""age_group"": ""25-35""}",FALSE
40,"{""aadhar"": ""2345XXXX0123"", ""bank_verification"": ""success""}",TRUE
41,"{""brand"": ""Nike"", ""model"": ""Air Max"", ""size"": ""9""}",FALSE
42,"{""name"": ""Siddharth Nair"", ""email"": ""sid.nair@tech.com"", ""ip_address"": ""203.192.1.45""}",TRUE
43,"{""currency"": ""INR"", ""exchange_rate"": 83.25}",FALSE
44,"{""phone"": ""890XXXXX67"", ""notification_preference"": ""SMS""}",TRUE
45,"{""product_rating"": 4.5, ""review_count"": 150}",FALSE
46,"{""upi_id"": ""XXX@ibl"", ""family_size"": ""4""}",TRUE
47,"{""zip_code"": ""560001"", ""delivery_zone"": ""Zone_A""}",FALSE
48,"{""name"": ""Pooja Desai"", ""address"": ""567 FC Road, Pune, 411016"", ""email"": ""pooja.desai@email.in""}",TRUE
49,"{""app_name"": ""Flipkart"", ""version"": ""8.21.0""}",FALSE
50,"{""passport"": ""KXXXXXX"", ""issue_date"": ""2020-05-10""}",TRUE
51,"{""last_name"": ""Iyer"", ""profession"": ""Software Engineer""}",FALSE
52,"{""aadhar"": ""3456XXXX1234"", ""address_proof"": ""verified""}",TRUE
53,"{""email"": ""support@flipkart.com"", ""ticket_id"": ""TICK456""}",FALSE
54,"{""name"": ""Rahul Krishnan"", ""phone"": ""701XXXXX89"", ""device_id"": ""ANDROID789""}",TRUE
55,"{""search_query"": ""bluetooth headphones"", ""filters"": ""price,brand""}",FALSE
56,"{""upi_id"": ""XXX@paytm"", ""auto_debit"": ""True""}",TRUE
57,"{""state_code"": ""MH"", ""gst_number"": ""27ABCDE1234F1Z5""}",FALSE
58,"{""name"": ""Lakshmi Venkat"", ""email"": ""lakshmi.v@company.org"", ""address"": ""890 Anna Salai, Chennai, 600002""}",TRUE
59,"{""feature_flag"": ""new_checkout"", ""enabled"": true}",FALSE
60,"{""phone"": ""934XXXXX12"", ""otp_verification"": ""pending""}",TRUE
61,"{""discount_code"": ""SAVE20"", ""validity"": ""2024-03-31""}",FALSE
62,"{""passport"": ""AXXXXXX"", ""nationality"": ""Indian""}",TRUE
63,"{""first_name"": ""Rohan"", ""wishlist_count"": 15}",FALSE
64,"{""aadhar"": ""5678XXXX3456"", ""biometric_status"": ""matched""}",TRUE
65,"{""payment_gateway"": ""Razorpay"", ""transaction_fee"": 25}",FALSE
66,"{""name"": ""Nisha Bansal"", ""address"": ""123 Civil Lines, Jaipur, 302006"", ""ip_address"": ""122.161.49.178""}",FALSE
67,"{""inventory_id"": ""INV789"", ""stock_level"": 50}",FALSE
68,"{""upi_id"": ""business@axisbank"", ""merchant_category"": ""retail""}",FALSE
69,"{""city"": ""Hyderabad"", ""weather"": ""partly_cloudy""}",FALSE
70,"{""phone"": ""845XXXXX23"", ""call_preference"": ""evening""}",TRUE
71,"{""coupon_code"": ""FIRST10"", ""usage_count"": 1}",FALSE
72,"{""name"": ""Karthik Subramanian"", ""email"": ""karthik.s@work.com"", ""device_type"": ""iOS""}",TRUE
73,"{""logistics_partner"": ""BlueDart"", ""tracking_id"": ""BD123456789""}",FALSE
74,"{""passport"": ""HXXXXXX"", ""expiry_date"": ""2030-12-15""}",TRUE
75,"{""age"": 32, ""income_bracket"": ""middle_class""}",FALSE
76,"{""aadhar"": ""6789XXXX4567"", ""mobile_linked"": ""True""}",TRUE
77,"{""return_reason"": ""size_issue"", ""refund_amount"": 899}",FALSE
78,"{""name"": ""Divya Sharma"", ""phone"": ""712XXXXX90"", ""email"": ""divya@personal.com""}",TRUE
79,"{""seller_id"": ""SELLER001"", ""rating"": 4.2}",FALSE
80,"{""upi_id"": ""XXX@hdfcbank"", ""settlement_cycle"": ""T+2""}",TRUE
81,"{""recommendation_type"": ""collaborative"", ""confidence"": 0.85}",FALSE
82,"{""name"": ""Manish Agrawal"", ""address"": ""456 Mall Road, Shimla, 171001"", ""email"": ""manish.ag@email.com""}",TRUE
83,"{""api_version"": ""v2.1"", ""response_time"": ""120ms""}",FALSE
84,"{""phone"": ""956XXXXX23"", ""language_preference"": ""Hindi""}",TRUE
85,"{""last_name"": ""Reddy"", ""occupation"": ""Doctor""}",FALSE
86,"{""passport"": ""TXXXXXX"", ""visa_required"": ""False""}",TRUE
87,"{""affiliate_id"": ""AFF789"", ""commission_rate"": 5}",FALSE
88,"{""aadhar"": ""7890XXXX5678"", ""ekyc_timestamp"": ""2024-01-15T10:30:00Z""}",TRUE
89,"{""utm_source"": ""google"", ""campaign"": ""winter_sale""}",FALSE
90,"{""name"": ""Ananya Rao"", ""email"": ""ananya.rao@university.edu"", ""ip_address"": ""157.49.183.29""}",TRUE
91,"{""fraud_score"": 0.15, ""risk_level"": ""low""}",FALSE
92,"{""upi_id"": ""XXX@ybl"", ""bank_name"": ""State Bank""}",TRUE
93,"{""search_filter"": ""electronics"", ""sort_by"": ""price_low_to_high""}",FALSE
94,"{""phone"": ""823XXXXX90"", ""two_factor_auth"": ""True""}",TRUE
95,"{""first_name"": ""Arun"", ""cart_value"": 2500}",FALSE
96,"{""name"": ""Preeti Kulkarni"", ""address"": ""789 Law Garden, Ahmedabad, 380006"", ""phone"": ""678XXXXX45""}",TRUE
97,"{""machine_learning_model"": ""recommendation_v3"", ""accuracy"": 0.92}",FALSE
98,"{""passport"": ""RXXXXXX"", ""place_of_issue"": ""Mumbai""}",TRUE
99,"{""city"": ""Bangalore"", ""traffic_condition"": ""moderate""}",FALSE
100,"{""aadhar"": ""8901XXXX6789"", ""consent_given"": ""True""}",TRUE
101,"{""email"": ""newsletter@flipkart.com"", ""unsubscribe_rate"": 0.02}",FALSE
102,"{""name"": ""Suresh Pillai"", ""email"": ""suresh.pillai@office.com"", ""device_id"": ""TAB456789""}",TRUE
103,"{""performance_metric"": ""page_load_time"", ""value"": ""2.1s""}",FALSE
104,"{""upi_id"": ""XXX@kotak"", ""limit_daily"": ""50000""}",TRUE
105,"{""last_name"": ""Gupta"", ""education"": ""MBA""}",FALSE
106,"{""phone"": ""790XXXXX67"", ""marketing_consent"": ""False""}",TRUE
107,"{""analytics_event"": ""product_view"", ""timestamp"": ""2024-01-20T14:22:33Z""}",FALSE
108,"{""name"": ""Rashmi Jain"", ""address"": ""321 Residency Road, Mysore, 570001"", ""email"": ""rashmi@workplace.in""}",TRUE
109,"{""cache_hit_ratio"": 0.78, ""response_cached"": true}",FALSE
110,"{""passport"": ""SXXXXXX"", ""passport_type"": ""ordinary""}",TRUE
111,"{""first_name"": ""Vivek"", ""subscription_status"": ""active""}",FALSE
112,"{""aadhar"": ""9012XXXX7890"", ""demographic_verified"": ""True""}",TRUE
113,"{""a_b_test"": ""checkout_flow_v2"", ""variant"": ""B""}",FALSE
114,"{""name"": ""Kavita Menon"", ""phone"": ""834XXXXX01"", ""email"": ""kavita.menon@gmail.com""}",TRUE
115,"{""geo_location"": ""lat:12.9716,lng:77.5946"", ""accuracy"": ""10m""}",FALSE
116,"{""upi_id"": ""XXX@paytm"", ""merchant_type"": ""individual""}",TRUE
117,"{""database_query"": ""SELECT * FROM products"", ""execution_time"": ""45ms""}",FALSE
118,"{""phone"": ""987XXXXX10"", ""device_brand"": ""Samsung""}",TRUE
119,"{""last_name"": ""Singh"", ""marital_status"": ""married""}",FALSE
120,"{""name"": ""Aarav Pandey"", ""address"": ""654 Station Road, Lucknow, 226001"", ""ip_address"": ""49.15.183.91""}",FALSE
121,"{""content_type"": ""application/json"", ""encoding"": ""utf-8""}",FALSE
122,"{""passport"": ""Q8527419"", ""biometric_enrolled"": true}",FALSE
123,"{""city"": ""Coimbatore"", ""pincode"": ""641001""}",TRUE
124,"{""aadhar"": ""0123XXXX8901"", ""otp_verified"": ""True""}",TRUE
125,"{""recommendation_engine"": ""neural_cf"", ""training_date"": ""2024-01-01""}",FALSE
126,"{""name"": ""Geetha Raman"", ""email"": ""geetha.raman@company.com"", ""device_type"": ""Desktop""}",TRUE
127,"{""webhook_url"": ""https://api.example.com/webhook"", ""status"": ""active""}",FALSE
128,"{""upi_id"": ""shopping@icici"", ""autopay_enabled"": false}",FALSE
129,"{""first_name"": ""Mohit"", ""preferred_language"": ""English""}",FALSE
130,"{""phone"": ""745XXXXX12"", ""carrier"": ""Airtel""}",TRUE
131,"{""inventory_turnover"": 4.2, ""stock_out_rate"": 0.08}",FALSE
132,"{""name"": ""Shweta Kapoor"", ""address"": ""987 Sector 15, Noida, 201301"", ""phone"": ""801XXXXX79""}",TRUE
133,"{""service_level"": ""premium"", ""response_time_sla"": ""< 1 hour""}",FALSE
134,"{""passport"": ""BXXXXXX"", ""emergency_contact"": ""+91-987XXXXX10""}",TRUE
135,"{""last_name"": ""Nair"", ""hobby"": ""photography""}",FALSE
136,"{""aadhar"": ""1234XXXX7654"", ""photo_verification"": ""passed""}",TRUE
137,"{""feature_toggle"": ""new_ui"", ""rollout_percentage"": 25}",FALSE
138,"{""name"": ""Harish Kumar"", ""email"": ""harish.kumar@tech.org"", ""ip_address"": ""203.88.138.42""}",TRUE
139,"{""data_pipeline"": ""etl_v2"", ""processed_records"": 1000000}",FALSE
140,"{""upi_id"": ""XXX@ybl"", ""transaction_limit"": ""100000""}",TRUE
141,"{""search_algorithm"": ""elasticsearch"", ""index_size"": ""2.5GB""}",FALSE
142,"{""phone"": ""912XXXXX89"", ""roaming_status"": ""False""}",TRUE
143,"{""city"": ""Kochi"", ""state"": ""Kerala""}",FALSE
144,"{""name"": ""Ritika Saxena"", ""address"": ""234 Park Avenue, Gurgaon, 122001"", ""email"": ""ritika@company.net""}",TRUE
145,"{""microservice"": ""user_service"", ""health_status"": ""healthy""}",FALSE
146,"{""passport"": ""NXXXXXX"", ""pages_remaining"": ""28""}",TRUE
147,"{""first_name"": ""Deepak"", ""loyalty_tier"": ""gold""}",FALSE
148,"{""aadhar"": ""2345XXXX8765"", ""fingerprint_matched"": ""True""}",TRUE
149,"{""cdn_cache"": ""cloudflare"", ""hit_ratio"": 0.89}",FALSE
150,"{""name"": ""Priyanka Choudhary"", ""phone"": ""789XXXXX56"", ""email"": ""priyanka.c@personal.in""}",TRUE
151,"{""log_level"": ""INFO"", ""message"": ""Transaction completed successfully""}",FALSE
152,"{""upi_id"": ""family@sbi"", ""beneficiary_count"": 3}",FALSE
153,"{""machine_id"": ""ML789"", ""cpu_utilization"": 65}",FALSE
154,"{""phone"": ""856XXXXX23"", ""do_not_disturb"": ""True""}",TRUE
155,"{""last_name"": ""Mishra"", ""department"": ""Engineering""}",FALSE
156,"{""name"": ""Aditi Bhatt"", ""address"": ""567 Race Course Road, Bangalore, 560001"", ""ip_address"": ""117.196.143.73""}",FALSE
157,"{""kubernetes_pod"": ""api-server-v2"", ""replicas"": 3}",FALSE
158,"{""passport"": ""GXXXXXX"", ""sponsor_required"": ""False""}",TRUE
159,"{""city"": ""Indore"", ""region"": ""Central India""}",FALSE
160,"{""aadhar"": ""3456XXXX9876"", ""iris_scan"": ""verified""}",TRUE
161,"{""email"": ""admin@system.com"", ""role"": ""system_admin""}",FALSE
162,"{""name"": ""Sameer Joshi"", ""email"": ""sameer.joshi@workplace.com"", ""device_id"": ""LAPTOP123""}",TRUE
163,"{""ssl_certificate"": ""valid"", ""expiry"": ""2024-12-31""}",FALSE
164,"{""upi_id"": ""XXX@okaxis"", ""insurance_linked"": ""True""}",TRUE
165,"{""first_name"": ""Neha"", ""age_verification"": ""completed""}",FALSE
166,"{""phone"": ""923XXXXX90"", ""backup_number"": ""+91-876XXXXX09""}",TRUE
167,"{""monitoring_alert"": ""high_memory_usage"", ""threshold_exceeded"": true}",FALSE
168,"{""name"": ""Vishal Agarwal"", ""address"": ""890 Commercial Street, Bangalore, 560001"", ""phone"": ""734XXXXX01""}",TRUE
169,"{""load_balancer"": ""nginx"", ""upstream_servers"": 4}",FALSE
170,"{""passport"": ""FXXXXXX"", ""travel_history"": ""USA,UAE,UK""}",TRUE
171,"{""last_name"": ""Patel"", ""blood_group"": ""O+""}",FALSE
172,"{""aadhar"": ""456783210987"", ""document_uploaded"": 2024-01-15""}""",FALSE
173,"{""api_rate_limit"": 1000, ""current_usage"": 245}",FALSE
174,"{""name"": ""Anjali Verma"", ""email"": ""anjali.verma@office.in"", ""ip_address"": ""59.144.123.67""}",TRUE
175,"{""database_connection"": ""mysql"", ""pool_size"": 20}",FALSE
176,"{""upi_id"": ""XXX@phonepe"", ""balance_inquiry"": ""True""}",TRUE
177,"{""city"": ""Nagpur"", ""timezone"": ""Asia/Kolkata""}",FALSE
178,"{""phone"": ""890XXXXX67"", ""international_roaming"": ""False""}",TRUE
179,"{""first_name"": ""Rakesh"", ""credit_score"": 750}",FALSE
180,"{""name"": ""Sunita Devi"", ""address"": ""123 Gandhi Nagar, Patna, 800001"", ""email"": ""sunita.devi@email.org""}",TRUE
181,"{""message_queue"": ""rabbitmq"", ""queue_depth"": 150}",FALSE
182,"{""passport"": ""VXXXXXX"", ""diplomatic_status"": ""False""}",TRUE
183,"{""last_name"": ""Yadav"", ""experience"": ""5 years""}",FALSE
184,"{""aadhar"": ""567894321098"", ""address_change_request"": pending""}""",FALSE
185,"{""security_scan"": ""passed"", ""vulnerabilities_found"": 0}",FALSE
186,"{""name"": ""Ritu Singh"", ""phone"": ""678XXXXX45"", ""email"": ""ritu.singh@company.com""}",TRUE
187,"{""container_registry"": ""docker_hub"", ""image_version"": ""v1.2.3""}",FALSE
188,"{""upi_id"": ""XXX@paytm"", ""pin_change_required"": ""False""}",TRUE
189,"{""city"": ""Chandigarh"", ""weather_forecast"": ""sunny""}",FALSE
190,"{""phone"": ""767XXXXX34"", ""fiber_connection"": ""True""}",TRUE
191,"{""first_name"": ""Manoj"", ""vehicle_type"": ""sedan""}",FALSE
192,"{""name"": ""Kavitha Reddy"", ""address"": ""456 Jubilee Hills, Hyderabad, 500033"", ""ip_address"": ""14.139.56.78""}",FALSE
193,"{""elastic_search"": ""cluster_healthy"", ""nodes"": 5}",FALSE
194,"{""passport"": ""JXXXXXX"", ""minor_dependent"": ""False""}",TRUE
195,"{""last_name"": ""Jain"", ""dietary_preference"": ""vegetarian""}",FALSE
196,"{""aadhar"": ""6789XXXX2109"", ""family_head"": ""True""}",TRUE
197,"{""prometheus_metric"": ""http_requests_total"", ""value"": 50000}",FALSE
198,"{""name"": ""Abhishek Tiwari"", ""email"": ""abhishek.tiwari@work.com"", ""device_type"": ""Mobile""}",TRUE
199,"{""grafana_dashboard"": ""system_overview"", ""panels"": 12}",FALSE
200,"{""upi_id"": ""savings@unionbank"", ""interest_rate"": 3.5}",FALSE
201,"{""city"": ""Bhopal"", ""air_quality"": ""moderate""}",FALSE
202,"{""phone"": ""901XXXXX78"", ""plan_type"": ""postpaid""}",TRUE
203,"{""first_name"": ""Shalini"", ""favorite_color"": ""blue""}",FALSE
204,"{""name"": ""Rohit Malhotra"", ""address"": ""789 CP Street, New Delhi, 110001"", ""phone"": ""812XXXXX90""}",TRUE
205,"{""jenkins_build"": ""successful"", ""build_number"": 156}",FALSE
206,"{""passport"": ""C4702581"", ""renewal_due"": 2025-06-15""}""",FALSE
207,"{""last_name"": ""Chopra"", ""shoe_size"": 9}",FALSE
208,"{""aadhar"": ""7890XXXX3210"", ""nomination_updated"": ""True""}",TRUE
209,"{""terraform_state"": ""applied"", ""resources"": 23}",FALSE
210,"{""name"": ""Shilpa Shetty"", ""email"": ""shilpa.shetty@personal.com"", ""ip_address"": ""122.161.85.94""}",TRUE
211,"{""ansible_playbook"": ""deploy_app"", ""tasks"": 15}",FALSE
212,"{""upi_id"": ""XXX@ybl"", ""kyc_level"": ""full""}",TRUE
213,"{""city"": ""Vadodara"", ""population"": 1670000}",FALSE
214,"{""phone"": ""845XXXXX12"", ""signal_strength"": ""-65dBm""}",TRUE
215,"{""first_name"": ""Gaurav"", ""t_shirt_size"": ""L""}",FALSE
216,"{""name"": ""Madhuri Dixit"", ""address"": ""321 Film City, Mumbai, 400059"", ""email"": ""madhuri@bollywood.com""}",TRUE
217,"{""docker_compose"": ""version_3"", ""services"": 8}",FALSE
218,"{""passport"": ""IXXXXXX"", ""blood_type"": ""A+""}",TRUE
219,"{""last_name"": ""Bansal"", ""coffee_preference"": ""cappuccino""}",FALSE
220,"{""aadhar"": ""8901XXXX4321"", ""senior_citizen"": ""False""}",TRUE
221,"{""nagios_check"": ""ok"", ""last_check"": ""2024-01-20T15:30:00Z""}",FALSE
222,"{""name"": ""Nikhil Sharma"", ""phone"": ""723XXXXX90"", ""email"": ""nikhil.sharma@tech.in""}",TRUE
223,"{""zabbix_host"": ""web_server_01"", ""status"": ""monitored""}",FALSE
224,"{""upi_id"": ""business@yesbank"", ""gst_registered"": true}",FALSE
225,"{""city"": ""Surat"", ""textile_hub"": true}",FALSE
226,"{""phone"": ""934XXXXX12"", ""voicemail_enabled"": ""False""}",TRUE
227,"{""first_name"": ""Pooja"", ""pet_name"": ""Bruno""}",FALSE
228,"{""name"": ""Kiran Kumar"", ""address"": ""654 Residency Road, Mysore, 570001"", ""ip_address"": ""203.192.214.156""}",FALSE
229,"{""splunk_index"": ""main"", ""events_per_day"": 1000000}",FALSE
230,"{""passport"": ""OXXXXXX"", ""dual_citizenship"": ""False""}",TRUE
231,"{""last_name"": ""Agrawal"", ""music_preference"": ""classical""}",FALSE
232,"{""aadhar"": ""9012XXXX5432"", ""disability_certificate"": ""False""}",TRUE
233,"{""elk_stack"": ""7.10.2"", ""log_retention"": ""30_days""}",FALSE
234,"{""name"": ""Swati Nanda"", ""email"": ""swati.nanda@university.ac.in"", ""device_id"": ""STU789123""}",TRUE
235,"{""redis_cache"": ""cluster_mode"", ""memory_usage"": ""2.1GB""}",FALSE
236,"{""upi_id"": ""XXX@paytm"", ""fraud_alert"": ""False""}",TRUE
237,"{""city"": ""Jodhpur"", ""heritage_site"": true}",FALSE
238,"{""phone"": ""867XXXXX34"", ""emergency_contact"": ""True""}",TRUE
239,"{""first_name"": ""Arpit"", ""gaming_preference"": ""FPS""}",FALSE
240,"{""name"": ""Geeta Patel"", ""address"": ""987 Law Garden Road, Ahmedabad, 380006"", ""phone"": ""689XXXXX57""}",TRUE
241,"{""memcached"": ""1.6.9"", ""hit_ratio"": 0.84}",FALSE
242,"{""passport"": ""UXXXXXX"", ""organ_donor"": ""True""}",TRUE
243,"{""last_name"": ""Kulkarni"", ""sports_preference"": ""cricket""}",FALSE
244,"{""aadhar"": ""0123XXXX6543"", ""pan_linked"": ""True""}",TRUE
245,"{""fluentd_buffer"": ""file"", ""buffer_size"": ""256MB""}",FALSE
246,"{""name"": ""Tarun Goel"", ""email"": ""tarun.goel@startup.io"", ""ip_address"": ""49.15.227.83""}",TRUE
247,"{""haproxy_backend"": ""app_servers"", ""active_servers"": 6}",FALSE
248,"{""upi_id"": ""XXX@okaxis"", ""reward_points"": ""2500""}",TRUE
249,"{""city"": ""Agra"", ""monument"": ""Taj Mahal""}",FALSE
250,"{""phone"": ""778XXXXX45"", ""data_plan"": ""unlimited""}",TRUE
251,"{""first_name"": ""Shruti"", ""zodiac_sign"": ""Leo""}",FALSE
252,"{""name"": ""Varun Dhawan"", ""address"": ""123 Linking Road, Mumbai, 400050"", ""email"": ""varun@actor.com""}",TRUE
253,"{""cassandra_cluster"": ""3_nodes"", ""replication_factor"": 3}",FALSE
254,"{""passport"": ""Z3681470"", ""machine_readable"": true}",FALSE
255,"{""last_name"": ""Sinha"", ""reading_habit"": ""fiction""}",FALSE
256,"{""aadhar"": ""1234XXXX5432"", ""uan_linked"": ""True""}",TRUE
257,"{""neo4j_database"": ""graph_analytics"", ""node_count"": 50000}",FALSE
258,"{""name"": ""Ritesh Deshmukh"", ""phone"": ""987XXXXX10"", ""email"": ""ritesh@film.in""}",TRUE
259,"{""apache_kafka"": ""2.8.0"", ""topics"": 25}",FALSE
260,"{""upi_id"": ""XXX@ibl"", ""standing_instruction"": ""True""}",TRUE
261,"{""city"": ""Guwahati"", ""tea_capital"": true}",FALSE
262,"{""phone"": ""612XXXXX89"", ""hotspot_enabled"": ""True""}",TRUE
263,"{""first_name"": ""Tanvi"", ""dance_form"": ""bharatanatyam""}",FALSE
264,"{""name"": ""Sachin Tendulkar"", ""address"": ""456 Perry Cross Road, Mumbai, 400050"", ""ip_address"": ""203.88.142.91""}",FALSE
265,"{""airflow_dag"": ""data_pipeline"", ""schedule_interval"": ""@daily""}",FALSE
266,"{""passport"": ""WXXXXXX"", ""special_endorsement"": ""False""}",TRUE
267,"{""last_name"": ""Pandey"", ""cooking_skill"": ""intermediate""}",FALSE
268,"{""aadhar"": ""2345XXXX6543"", ""ration_card_linked"": ""True""}",TRUE
269,"{""spark_cluster"": ""4_workers"", ""memory"": ""16GB""}",FALSE
270,"{""name"": ""Alia Bhatt"", ""email"": ""alia@bollywood.in"", ""device_type"": ""iPhone""}",TRUE
271,"{""hdfs_replication"": 3, ""block_size"": ""128MB""}",FALSE
272,"{""upi_id"": ""XXX@ybl"", ""max_transaction_limit"": ""200000""}",TRUE
273,"{""city"": ""Dehradun"", ""hill_station"": true}",FALSE
274,"{""phone"": ""956XXXXX23"", ""call_forwarding"": ""False""}",TRUE
275,"{""first_name"": ""Yash"", ""favorite_cuisine"": ""Italian""}",FALSE
276,"{""name"": ""Deepika Padukone"", ""address"": ""789 Bandra West, Mumbai, 400050"", ""phone"": ""890XXXXX67""}",TRUE
277,"{""mongodb_replica"": ""primary"", ""oplog_size"": ""2GB""}",FALSE
278,"{""passport"": ""EXXXXXX"", ""chip_enabled"": ""True""}",TRUE
279,"{""last_name"": ""Gupta"", ""travel_frequency"": ""frequent""}",FALSE
280,"{""aadhar"": ""3456XXXX6543"", ""voter_id_linked"": ""True""}",TRUE
281,"{""postgresql_version"": ""13.4"", ""extensions"": ""postgis,pg_stat_statements""}",FALSE
282,"{""name"": ""Ranbir Kapoor"", ""email"": ""ranbir@movies.com"", ""ip_address"": ""117.196.148.205""}",TRUE
283,"{""consul_cluster"": ""3_agents"", ""leader_election"": true}",FALSE
284,"{""upi_id"": ""XXX@paytm"", ""mobile_banking"": ""True""}",TRUE
285,"{""city"": ""Shimla"", ""altitude"": ""2205m""}",FALSE
286,"{""phone"": ""823XXXXX90"", ""wifi_calling"": ""True""}",TRUE
287,"{""first_name"": ""Ishita"", ""language_skills"": ""Hindi,English,French""}",FALSE
288,"{""name"": ""Hrithik Roshan"", ""address"": ""321 Juhu Beach, Mumbai, 400049"", ""email"": ""hrithik@superstar.in""}",TRUE
289,"{""vault_secrets"": ""encrypted"", ""policies"": 8}",FALSE
290,"{""passport"": ""DXXXXXX"", ""photo_biometric"": ""True""}",TRUE
291,"{""last_name"": ""Saxena"", ""workout_routine"": ""yoga""}",FALSE
292,"{""aadhar"": ""4567XXXX6543"", ""driving_license_linked"": ""True""}",TRUE
293,"{""kubernetes_ingress"": ""nginx"", ""ssl_termination"": true}",FALSE
294,"{""name"": ""Katrina Kaif"", ""phone"": ""712XXXXX90"", ""email"": ""katrina@actress.com""}",TRUE
295,"{""etcd_cluster"": ""healthy"", ""raft_applied_index"": 1000000}",FALSE
296,"{""upi_id"": ""XXX@okaxis"", ""joint_account"": ""False""}",TRUE
297,"{""city"": ""Manali"", ""skiing_season"": ""winter""}",FALSE
298,"{""phone"": ""978XXXXX45"", ""conference_calling"": ""True""}",TRUE
299,"{""first_name"": ""Naman"", ""programming_language"": ""Python""}",FALSE
300,"{""name"": ""Priyanka Chopra"", ""address"": ""654 Versova, Mumbai, 400061"", ""ip_address"": ""59.144.187.92""}",FALSE
301,"{""istio_mesh"": ""enabled"", ""sidecar_injection"": true}",FALSE
302,"{""passport"": ""KXXXXXX"", ""rfid_enabled"": ""True""}",TRUE
303,"{""last_name"": ""Tiwari"", ""meditation_practice"": ""mindfulness""}",FALSE
304,"{""aadhar"": ""5678XXXX2109"", ""health_insurance_linked"": ""True""}",TRUE
305,"{""linkerd_proxy"": ""stable-2.11.1"", ""success_rate"": 99.9}",FALSE
306,"{""name"": ""Akshay Kumar"", ""email"": ""akshay@actionhero.in"", ""device_id"": ""ACTOR123""}",TRUE
307,"{""opentelemetry"": ""enabled"", ""traces_per_second"": 1000}",FALSE
308,"{""upi_id"": ""XXX@ybl"", ""credit_card_linked"": ""True""}",TRUE
309,"{""city"": ""Ooty"", ""tea_gardens"": true}",FALSE
310,"{""phone"": ""801XXXXX78"", ""5g_enabled"": ""True""}",TRUE
311,"{""first_name"": ""Sneha"", ""fitness_goal"": ""weight_loss""}",FALSE
312,"{""name"": ""Salman Khan"", ""address"": ""987 Galaxy Apartments, Mumbai, 400050"", ""phone"": ""912XXXXX80""}",TRUE
313,"{""jaeger_tracing"": ""distributed"", ""spans_collected"": 50000}",FALSE
314,"{""passport"": ""MXXXXXX"", ""biometric_exit"": ""True""}",TRUE
315,"{""last_name"": ""Mahajan"", ""hobby"": ""painting""}",FALSE
316,"{""aadhar"": ""6789XXXX3210"", ""life_insurance_linked"": ""True""}",TRUE
317,"{""zipkin_spans"": ""sampled"", ""sampling_rate"": 0.1}",FALSE
318,"{""name"": ""Aamir Khan"", ""email"": ""aamir@perfectionist.com"", ""ip_address"": ""14.139.67.143""}",TRUE
319,"{""flagger_canary"": ""progressive"", ""success_threshold"": 99}",FALSE
320,"{""upi_id"": ""XXX@paytm"", ""fixed_deposit_linked"": ""True""}",TRUE
321,"{""city"": ""Nainital"", ""lake_city"": true}",FALSE
322,"{""phone"": ""734XXXXX01"", ""volte_enabled"": ""True""}",TRUE
323,"{""first_name"": ""Rajat"", ""investment_portfolio"": ""balanced""}",FALSE
324,"{""name"": ""Shah Rukh Khan"", ""address"": ""123 Mannat, Mumbai, 400050"", ""email"": ""srk@kingkhan.in""}",TRUE
325,"{""argo_cd"": ""v2.4.0"", ""applications"": 15}",FALSE
326,"{""passport"": ""AXXXXXX"", ""fast_track_eligible"": ""True""}",TRUE
327,"{""last_name"": ""Verma"", ""social_media"": ""LinkedIn""}",FALSE
328,"{""order_id"": ""ORD123456"", ""product_category"": ""Electronics"", ""status"": ""delivered""}",FALSE
329,"{""transaction_id"": ""TXN789012"", ""payment_method"": ""credit_card"", ""amount"": 15000}",FALSE
330,"{""product_sku"": ""SKU456789"", ""brand"": ""Samsung"", ""rating"": 4.5}",FALSE
331,"{""campaign_id"": ""CAM123"", ""click_rate"": 0.045, ""conversion"": 0.12}",FALSE
332,"{""session_id"": ""SESS456"", ""page_views"": 8, ""bounce_rate"": 0.25}",FALSE
333,"{""warehouse_code"": ""WH001"", ""inventory_level"": 150, ""reorder_point"": 50}",FALSE
334,"{""coupon_code"": ""SAVE20"", ""discount_percentage"": 20, ""usage_limit"": 1000}",FALSE
335,"{""api_key"": ""API789"", ""requests_per_minute"": 500, ""quota_exceeded"": false}",FALSE
336,"{""batch_id"": ""BATCH123"", ""processed_records"": 50000, ""error_count"": 12}",FALSE
337,"{""log_entry"": ""INFO"", ""timestamp"": ""2024-01-20T10:30:00Z"", ""module"": ""payment_service""}",FALSE
338,"{""metric_name"": ""response_time"", ""value"": 120, ""unit"": ""milliseconds""}",FALSE
339,"{""feature_flag"": ""new_checkout"", ""enabled"": true, ""rollout_percentage"": 50}",FALSE
340,"{""service_name"": ""user_service"", ""version"": ""v2.1.0"", ""health_status"": ""healthy""}",FALSE
341,"{""database_name"": ""primary"", ""connection_pool"": 20, ""active_connections"": 15}",FALSE
342,"{""queue_name"": ""order_processing"", ""message_count"": 245, ""consumers"": 3}",FALSE
343,"{""cache_key"": ""user_profile_123"", ""ttl"": 3600, ""hit_ratio"": 0.85}",FALSE
344,"{""deployment_id"": ""DEP456"", ""environment"": ""production"", ""rollback_available"": true}",FALSE
345,"{""alert_id"": ""ALT789"", ""severity"": ""warning"", ""acknowledged"": false}",FALSE
346,"{""backup_id"": ""BAK123"", ""size"": ""2.5GB"", ""verification"": ""passed""}",FALSE
347,"{""test_suite"": ""integration_tests"", ""passed"": 145, ""failed"": 3}",FALSE
348,"{""build_number"": ""BUILD789"", ""commit_hash"": ""abc123def"", ""deployment_time"": ""2024-01-20T14:25:00Z""}",FALSE
349,"{""region"": ""ap-south-1"", ""availability_zone"": ""ap-south-1a"", ""instance_type"": ""t3.medium""}",FALSE
350,"{""security_scan"": ""vulnerability_assessment"", ""high_risk"": 0, ""medium_risk"": 2}",FALSE
351,"{""load_balancer"": ""ALB"", ""target_groups"": 2, ""healthy_targets"": 6}",FALSE
352,"{""cdn_provider"": ""CloudFront"", ""cache_hit_ratio"": 0.92, ""origin_requests"": 1500}",FALSE
353,"{""ssl_certificate"": ""wildcard"", ""issuer"": ""Let's Encrypt"", ""expiry"": ""2024-12-31""}",FALSE
354,"{""monitoring_dashboard"": ""system_overview"", ""widgets"": 12, ""refresh_interval"": 30}",FALSE
355,"{""compliance_check"": ""gdpr"", ""status"": ""compliant"", ""last_audit"": ""2024-01-01""}",FALSE
356,"{""machine_learning_model"": ""recommendation_engine"", ""accuracy"": 0.89, ""training_data"": ""1M_samples""}",FALSE
357,"{""data_pipeline"": ""etl_daily"", ""source"": ""mongodb"", ""destination"": ""data_warehouse""}",FALSE
358,"{""kubernetes_pod"": ""api-deployment-abc123"", ""cpu_usage"": ""65%"", ""memory_usage"": ""512MB""}",FALSE
359,"{""docker_image"": ""app:v1.2.3"", ""size"": ""150MB"", ""layers"": 8}",FALSE
360,"{""git_branch"": ""feature/new-ui"", ""commits_ahead"": 5, ""merge_conflicts"": false}",FALSE
361,"{""network_interface"": ""eth0"", ""bytes_in"": 1048576, ""bytes_out"": 524288}",FALSE
362,"{""file_system"": ""/dev/sda1"", ""total_space"": ""100GB"", ""free_space"": ""25GB""}",FALSE
363,"{""process_id"": ""12345"", ""cpu_time"": ""2.5s"", ""memory_usage"": ""256MB""}",FALSE
364,"{""thread_pool"": ""worker_threads"", ""active_threads"": 8, ""queue_size"": 15}",FALSE
365,"{""garbage_collection"": ""G1GC"", ""pause_time"": ""10ms"", ""frequency"": ""every_30s""}",FALSE
366,"{""connection_string"": ""postgresql://localhost:5432/app_db"", ""max_connections"": 100, ""current_connections"": 45}",FALSE
367,"{""search_index"": ""products_v2"", ""document_count"": 1000000, ""size"": ""2.1GB""}",FALSE
368,"{""message_broker"": ""RabbitMQ"", ""exchange_type"": ""topic"", ""routing_key"": ""order.created""}",FALSE
369,"{""streaming_platform"": ""Apache Kafka"", ""partition_count"": 12, ""replication_factor"": 3}",FALSE
370,"{""container_orchestrator"": ""Kubernetes"", ""namespace"": ""production"", ""pod_count"": 25}",FALSE
371,"{""microservice_architecture"": ""event_driven"", ""service_count"": 15, ""communication"": ""async""}",FALSE
372,"{""api_gateway"": ""Kong"", ""rate_limiting"": ""1000_rpm"", ""authentication"": ""JWT""}",FALSE
373,"{""service_mesh"": ""Istio"", ""sidecar_proxy"": ""Envoy"", ""mTLS_enabled"": true}",FALSE
374,"{""observability_stack"": ""ELK"", ""log_retention"": ""30_days"", ""alert_rules"": 25}",FALSE
375,"{""aadhar"": ""7890XXXX6781"", ""address_verification"": ""completed"", ""timestamp"": ""2024-01-20T09:15:00Z""}",TRUE
376,"{""name"": ""Arjun Kapoor"", ""email"": ""arjun.kapoor@film.in"", ""address"": ""456 Film City Road, Mumbai, 400059""}",TRUE
377,"{""phone"": ""987XXXXX10"", ""carrier_name"": ""Airtel"", ""plan_type"": ""postpaid""}",TRUE
378,"{""upi_id"": ""XXX@paytm"", ""linked_bank"": ""HDFC Bank"", ""kyc_status"": ""verified""}",TRUE
379,"{""passport"": ""PXXXXXX"", ""issue_place"": ""Mumbai"", ""validity"": ""10_years""}",TRUE
380,"{""name"": ""Sonam Gupta"", ""phone"": ""876XXXXX09"", ""email"": ""sonam@personal.in"", ""device_type"": ""Android""}",TRUE
381,"{""aadhar"": ""8901XXXX7890"", ""biometric_status"": ""locked"", ""unlock_required"": ""True""}",TRUE
382,"{""name"": ""Vikash Singh"", ""address"": ""789 Sector 18, Noida, 201301"", ""ip_address"": ""203.88.156.72""}",FALSE
383,"{""phone"": ""765XXXXX98"", ""international_code"": ""+91"", ""verified"": ""True""}",TRUE
384,"{""upi_id"": ""XXX@okaxis"", ""transaction_pin"": ""set"", ""daily_limit"": ""100000""}",TRUE
385,"{""passport"": ""LXXXXXX"", ""photo_updated"": ""2024-01-15"", ""pages_left"": ""32""}",TRUE
386,"{""name"": ""Meera Sharma"", ""email"": ""meera.sharma@office.com"", ""department"": ""HR""}",TRUE
387,"{""aadhar"": ""9012XXXX8901"", ""mobile_verification"": ""pending"", ""otp_sent"": ""True""}",TRUE
388,"{""name"": ""Rohit Shetty"", ""address"": ""123 Andheri West, Mumbai, 400053"", ""phone"": ""890XXXXX67""}",TRUE
389,"{""phone"": ""678XXXXX45"", ""sms_service"": ""enabled"", ""promotional_consent"": ""False""}",TRUE
390,"{""upi_id"": ""XXX@ybl"", ""beneficiary_limit"": ""20"", ""recent_transaction"": ""2024-01-20""}",TRUE
391,"{""passport"": ""AXXXXXX"", ""emergency_contact_name"": ""Priya Shetty"", ""relationship"": ""spouse""}",TRUE
392,"{""name"": ""Kavya Madhavan"", ""email"": ""kavya@actress.in"", ""ip_address"": ""117.196.152.38""}",TRUE
393,"{""aadhar"": ""0123XXXX9012"", ""demographic_auth"": ""success"", ""attempt_count"": ""1""}",TRUE
394,"{""name"": ""Ajay Devgan"", ""address"": ""567 Juhu Scheme, Mumbai, 400049"", ""email"": ""ajay@action.com""}",TRUE
395,"{""phone"": ""923XXXXX01"", ""call_log_consent"": ""True"", ""privacy_setting"": ""medium""}",TRUE
396,"{""upi_id"": ""ajay@icici"", ""merchant_payments"": 15, ""last_settlement"": ""2024-01-19""}",FALSE
397,"{""passport"": ""HXXXXXX"", ""visa_pages"": ""8"", ""endorsement_pages"": ""2""}",TRUE
398,"{""name"": ""Tabu Khan"", ""phone"": ""812XXXXX89"", ""email"": ""tabu@versatile.in""}",TRUE
399,"{""aadhar"": ""1234XXXX0123"", ""bank_seeding"": ""completed"", ""subsidy_linked"": ""True""}",TRUE
400,"{""name"": ""Nawazuddin Siddiqui"", ""address"": ""890 Versova Link Road, Mumbai, 400061"", ""ip_address"": ""59.144.203.147""}",FALSE
401,"{""phone"": ""789XXXXX56"", ""roaming_activated"": ""True"", ""international_plan"": ""active""}",TRUE
402,"{""upi_id"": ""nawaz@sbi"", ""family_account"": true, ""members_linked"": 4}",FALSE
403,"{""passport"": ""TXXXXXX"", ""chip_technology"": ""enabled"", ""security_features"": ""enhanced""}",TRUE
404,"{""name"": ""Konkona Sen"", ""email"": ""konkona@independent.in"", ""device_id"": ""IPHONE789""}",TRUE
405,"{""aadhar"": ""2345XXXX1234"", ""disability_flag"": ""False"", ""senior_citizen"": ""False""}",TRUE
406,"{""name"": ""Irrfan Khan"", ""address"": ""234 Hill Road, Mumbai, 400050"", ""phone"": ""690XXXXX78""}",TRUE
407,"{""phone"": ""956XXXXX34"", ""caller_tune"": ""enabled"", ""ringback_tone"": ""bollywood_classic""}",TRUE
408,"{""upi_id"": ""XXX@phonepe"", ""insurance_premium"": ""auto_debit"", ""policy_linked"": ""True""}",TRUE
409,"{""passport"": ""KXXXXXX"", ""place_of_birth"": ""Mumbai"", ""spouse_name"": ""Sutapa Sikdar""}",TRUE
410,"{""name"": ""Pankaj Tripathi"", ""email"": ""pankaj@character.in"", ""ip_address"": ""14.139.78.92""}",TRUE
411,"{""aadhar"": ""3456XXXX2345"", ""rural_address"": ""False"", ""urban_classification"": ""True""}",TRUE
412,"{""name"": ""Radhika Apte"", ""address"": ""678 Linking Road, Mumbai, 400054"", ""email"": ""radhika@bold.com""}",TRUE
413,"{""phone"": ""845XXXXX12"", ""missed_call_alert"": ""True"", ""call_waiting"": ""enabled""}",TRUE
414,"{""upi_id"": ""radhika@unionbank"", ""loan_emi"": ""auto_pay"", ""next_due"": ""2024-02-01""}",FALSE
415,"{""passport"": ""RXXXXXX"", ""frequent_traveler"": ""True"", ""miles_accumulated"": ""50000""}",TRUE
416,"{""name"": ""Ayushmann Khurrana"", ""phone"": ""734XXXXX01"", ""email"": ""ayushmann@versatile.in""}",TRUE
417,"{""aadhar"": ""4567XXXX3456"", ""health_id"": ""linked"", ""vaccination_status"": ""fully_vaccinated""}",TRUE
418,"{""name"": ""Bhumi Pednekar"", ""address"": ""789 Khar West, Mumbai, 400052"", ""ip_address"": ""122.161.94.205""}",FALSE
419,"{""phone"": ""967XXXXX34"", ""network_type"": ""4G"", ""data_usage"": ""15GB_monthly""}",TRUE
420,"{""upi_id"": ""XXX@kotak"", ""savings_goal"": ""home_purchase"", ""target_amount"": ""5000000""}",TRUE
421,"{""passport"": ""SXXXXXX"", ""digital_copy"": ""available"", ""qr_code"": ""generated""}",TRUE
422,"{""name"": ""Rajkummar Rao"", ""email"": ""rajkummar@method.in"", ""device_type"": ""Samsung""}",TRUE
423,"{""aadhar"": ""5678XXXX4567"", ""aadhaar_pay"": ""enabled"", ""micro_atm"": ""registered""}",TRUE
424,"{""name"": ""Kriti Sanon"", ""address"": ""123 Versova, Mumbai, 400061"", ""phone"": ""878XXXXX45""}",TRUE
425,"{""phone"": ""678XXXXX45"", ""backup_sim"": ""inactive"", ""primary_number"": ""True""}",TRUE
426,"{""upi_id"": ""kriti@yesbank"", ""credit_score_check"": ""monthly"", ""current_score"": 785}",FALSE
427,"{""passport"": ""CXXXXXX"", ""biometric_data"": ""encrypted"", ""facial_recognition"": ""True""}",TRUE
428,"{""name"": ""Kartik Aaryan"", ""email"": ""kartik@comedy.in"", ""ip_address"": ""203.192.168.74""}",TRUE
429,"{""aadhar"": ""6789XXXX5678"", ""consent_manager"": ""registered"", ""data_sharing"": ""limited""}",TRUE
430,"{""name"": ""Ananya Panday"", ""address"": ""456 Bandra Bandstand, Mumbai, 400050"", ""email"": ""ananya@gen_z.com""}",TRUE
431,"{""phone"": ""789XXXXX56"", ""video_calling"": ""True"", ""screen_sharing"": ""enabled""}",TRUE
432,"{""upi_id"": ""XXX@hdfcbank"", ""student_account"": ""True"", ""education_loan"": ""linked""}",TRUE
433,"{""passport"": ""NXXXXXX"", ""minor_passport"": ""False"", ""guardian_details"": ""not_applicable""}",TRUE
434,"{""name"": ""Tiger Shroff"", ""phone"": ""890XXXXX67"", ""email"": ""tiger@action.in""}",TRUE
435,"{""aadhar"": ""7890XXXX6789"", ""fitness_tracker"": ""linked"", ""health_records"": ""digital""}",TRUE
436,"{""name"": ""Disha Patani"", ""address"": ""789 Khar Road, Mumbai, 400052"", ""ip_address"": ""117.196.187.56""}",FALSE
437,"{""phone"": ""901XXXXX78"", ""ai_assistant"": ""enabled"", ""voice_recognition"": ""True""}",TRUE
438,"{""upi_id"": ""disha@axis"", ""fashion_expenses"": ""tracked"", ""budget_alert"": true}",FALSE
439,"{""passport"": ""DXXXXXX"", ""travel_insurance"": ""comprehensive"", ""coverage"": ""worldwide""}",TRUE
440,"{""name"": ""Vicky Kaushal"", ""email"": ""vicky@intense.in"", ""device_id"": ""ONEPLUS123""}",TRUE
441,"{""aadhar"": ""8901XXXX7890"", ""military_service"": ""eligible"", ""ncc_certificate"": ""True""}",TRUE
442,"{""name"": ""Kiara Advani"", ""address"": ""321 Juhu Tara Road, Mumbai, 400049"", ""phone"": ""712XXXXX90""}",TRUE
443,"{""phone"": ""823XXXXX90"", ""conference_call"": ""premium"", ""participants_limit"": ""50""}",TRUE
444,"{""upi_id"": ""kiara@indianbank"", ""jewelry_insurance"": ""active"", ""premium"": ""monthly""}",FALSE
445,"{""passport"": ""VXXXXXX"", ""diplomatic_immunity"": ""False"", ""official_travel"": ""business""}",TRUE
446,"{""name"": ""Sidharth Malhotra"", ""email"": ""sidharth@romantic.in"", ""ip_address"": ""59.144.219.83""}",TRUE
447,"{""aadhar"": ""9012XXXX8901"", ""property_registration"": ""linked"", ""stamp_duty"": ""paid""}",TRUE
448,"{""name"": ""Shraddha Kapoor"", ""address"": ""654 Lokhandwala, Mumbai, 400053"", ""email"": ""shraddha@melodious.com""}",TRUE
449,"{""phone"": ""934XXXXX12"", ""music_streaming"": ""premium"", ""offline_downloads"": ""500""}",TRUE
450,"{""upi_id"": ""shraddha@pnb"", ""concert_tickets"": ""auto_book"", ""artist_alerts"": true}",FALSE
451,"{""passport"": ""UXXXXXX"", ""artist_visa"": ""multi_entry"", ""performance_permit"": ""True""}",TRUE
452,"{""name"": ""Varun Sharma"", ""phone"": ""845XXXXX12"", ""email"": ""varun@comedy.in""}",TRUE
453,"{""aadhar"": ""0123XXXX9012"", ""comedy_club"": ""member"", ""performance_rights"": ""registered""}",TRUE
454,"{""name"": ""Janhvi Kapoor"", ""address"": ""987 Lokhandwala Complex, Mumbai, 400053"", ""ip_address"": ""203.88.194.127""}",FALSE
455,"{""phone"": ""756XXXXX23"", ""fashion_alerts"": ""True"", ""brand_notifications"": ""selective""}",TRUE
456,"{""upi_id"": ""janhvi@canara"", ""designer_payments"": ""frequent"", ""luxury_limit"": 1000000}",FALSE
457,"{""passport"": ""FXXXXXX"", ""fashion_week"": ""participant"", ""designer_collaboration"": ""True""}",TRUE
458,"{""name"": ""Arjun Reddy"", ""email"": ""arjun@intense.in"", ""device_type"": ""OnePlus""}",TRUE
459,"{""aadhar"": ""1234XXXX0123"", ""medical_college"": ""alumni"", ""practicing_license"": ""valid""}",TRUE
460,"{""name"": ""Rashmika Mandanna"", ""address"": ""234 Banjara Hills, Hyderabad, 500034"", ""phone"": ""967XXXXX34""}",TRUE
461,"{""phone"": ""689XXXXX56"", ""regional_content"": ""Telugu"", ""dubbing_preference"": ""original""}",TRUE
462,"{""upi_id"": ""rashmika@sbi"", ""south_cinema"": ""promotions"", ""fan_engagement"": ""high""}",FALSE
463,"{""passport"": ""GXXXXXX"", ""regional_cinema"": ""ambassador"", ""cultural_exchange"": ""True""}",TRUE
464,"{""name"": ""Allu Arjun"", ""email"": ""allu@stylish.in"", ""ip_address"": ""14.139.89.156""}",TRUE
465,"{""aadhar"": ""2345XXXX1234"", ""dance_academy"": ""owner"", ""choreography_rights"": ""exclusive""}",TRUE
466,"{""name"": ""Samantha Akkineni"", ""address"": ""567 Film Nagar, Hyderabad, 500096"", ""email"": ""samantha@versatile.in""}",TRUE
467,"{""phone"": ""890XXXXX67"", ""charity_work"": ""active"", ""foundation_calls"": ""priority""}",TRUE
468,"{""upi_id"": ""samantha@hdfc"", ""donation_auto"": ""monthly"", ""cause"": ""women_empowerment""}",FALSE
469,"{""passport"": ""IXXXXXX"", ""humanitarian_visa"": ""active"", ""ngo_collaboration"": ""True""}",TRUE
470,"{""name"": ""Ram Charan"", ""phone"": ""723XXXXX90"", ""email"": ""ram@megastar.in""}",TRUE
471,"{""aadhar"": ""3456XXXX2345"", ""horse_racing"": ""license"", ""stable_owner"": ""True""}",TRUE
472,"{""name"": ""Jr NTR"", ""address"": ""890 Jubilee Hills, Hyderabad, 500033"", ""ip_address"": ""122.161.178.94""}",FALSE
473,"{""phone"": ""834XXXXX01"", ""political_updates"": ""subscribed"", ""rally_notifications"": ""True""}",TRUE
474,"{""upi_id"": ""ntr@andhra"", ""political_donations"": ""transparent"", ""party_fund"": ""contributor""}",FALSE
475,"{""passport"": ""JXXXXXX"", ""political_visa"": ""diplomatic"", ""state_visits"": ""official""}",TRUE
476,"{""name"": ""Mahesh Babu"", ""email"": ""mahesh@superstar.in"", ""device_id"": ""PRINCE123""}",TRUE
477,"{""aadhar"": ""4567XXXX3456"", ""production_house"": ""owner"", ""film_financing"": ""independent""}",TRUE
478,"{""name"": ""Prabhas Raju"", ""address"": ""123 Banjara Hills, Hyderabad, 500034"", ""phone"": ""945XXXXX12""}",TRUE
479,"{""phone"": ""767XXXXX34"", ""pan_india"": ""stardom"", ""multilingual_alerts"": ""True""}",TRUE
480,"{""upi_id"": ""prabhas@federal"", ""movie_budget"": ""international"", ""currency"": ""multi""}",FALSE
481,"{""passport"": ""BXXXXXX"", ""international_filming"": ""permitted"", ""visa_facilitation"": ""True""}",TRUE
482,"{""name"": ""Rana Daggubati"", ""email"": ""rana@versatile.in"", ""ip_address"": ""203.192.147.29""}",TRUE
483,"{""aadhar"": ""5678XXXX4567"", ""visual_effects"": ""studio_owner"", ""technology_innovator"": ""True""}",TRUE
484,"{""name"": ""Anushka Shetty"", ""address"": ""456 Filmnagar, Hyderabad, 500096"", ""email"": ""anushka@baahubali.in""}",TRUE
485,"{""phone"": ""856XXXXX23"", ""fitness_regime"": ""strict"", ""trainer_calls"": ""daily""}",TRUE
486,"{""upi_id"": ""anushka@karnataka"", ""fitness_equipment"": ""premium"", ""health_monitoring"": ""advanced""}",FALSE
487,"{""passport"": ""EXXXXXX"", ""fitness_travel"": ""wellness"", ""spa_treatments"": ""international""}",TRUE
488,"{""name"": ""Tamannaah Bhatia"", ""phone"": ""978XXXXX45"", ""email"": ""tamannah@glamorous.in""}",TRUE
489,"{""aadhar"": ""6789XXXX5678"", ""brand_ambassador"": ""multiple"", ""endorsement_value"": ""premium""}",TRUE
490,"{""name"": ""Kajal Aggarwal"", ""address"": ""789 Banjara Hills, Hyderabad, 500034"", ""ip_address"": ""117.196.203.81""}",FALSE
491,"{""phone"": ""612XXXXX89"", ""punjabi_connection"": ""cultural"", ""regional_films"": ""multilingual""}",TRUE
492,"{""upi_id"": ""kajal@punjab"", ""cultural_events"": ""sponsor"", ""heritage_preservation"": ""donor""}",FALSE
493,"{""passport"": ""LXXXXXX"", ""cultural_ambassador"": ""official"", ""international_events"": ""participant""}",TRUE
494,"{""name"": ""Rakul Preet Singh"", ""email"": ""rakul@fitness.in"", ""device_type"": ""iPhone_Pro""}",TRUE
495,"{""aadhar"": ""7890XXXX6789"", ""fitness_influencer"": ""certified"", ""wellness_brand"": ""founder""}",TRUE
496,"{""name"": ""Pooja Hegde"", ""address"": ""321 Film City, Hyderabad, 500096"", ""phone"": ""823XXXXX90""}",TRUE
497,"{""phone"": ""789XXXXX56"", ""dance_choreography"": ""skilled"", ""performance_rights"": ""exclusive""}",TRUE
498,"{""upi_id"": ""pooja@maharashtra"", ""dance_academy"": ""investment"", ""cultural_promotion"": ""active""}",FALSE
499,"{""passport"": ""MXXXXXX"", ""dance_festivals"": ""judge"", ""international_recognition"": ""True""}",TRUE
500,"{""name"": ""Regina Cassandra"", ""email"": ""regina@multilingual.in"", ""ip_address"": ""59.144.238.195""}",TRUE
